{"cameraMode":{"drawMode":0,"name":"Shaded","section":"Shading Mode"},"sceneLighting":false,"audioPlay":false,"sceneViewState":{"showFog":true,"showMaterialUpdate":false,"showSkybox":true,"showFlares":true,"showImageEffects":true,"showParticleSystems":true},"in2DMode":false,"pivot":{"x":-242.32810974121095,"y":42.774024963378909,"z":-254.06585693359376},"rotation":{"x":-0.006266426760703325,"y":0.9220268726348877,"z":0.014938071370124817,"w":0.3867867887020111},"size":133.1083526611328,"orthographic":false}