{"cameraMode":{"drawMode":0,"name":"Shaded","section":"Shading Mode"},"sceneLighting":false,"audioPlay":false,"sceneViewState":{"showFog":true,"showMaterialUpdate":false,"showSkybox":true,"showFlares":true,"showImageEffects":true,"showParticleSystems":true},"in2DMode":false,"pivot":{"x":262.92462158203127,"y":-40.114654541015628,"z":197.49563598632813},"rotation":{"x":0.5540172457695007,"y":-0.021223533898591996,"z":0.01413049828261137,"w":0.8321146965026856},"size":210.8110809326172,"orthographic":false}