{"cameraMode":{"drawMode":0,"name":"Shaded","section":"Shading Mode"},"sceneLighting":false,"audioPlay":false,"sceneViewState":{"showFog":true,"showMaterialUpdate":false,"showSkybox":true,"showFlares":true,"showImageEffects":true,"showParticleSystems":true},"in2DMode":false,"pivot":{"x":-0.007935047149658203,"y":-0.032024383544921878,"z":1.1920928955078126e-7},"rotation":{"x":0.21502317488193513,"y":-0.587138295173645,"z":0.16553989052772523,"w":0.7626469135284424},"size":9.653108596801758,"orthographic":false}