{"cameraMode":{"drawMode":0,"name":"Shaded","section":"Shading Mode"},"sceneLighting":false,"audioPlay":false,"sceneViewState":{"showFog":true,"showMaterialUpdate":false,"showSkybox":true,"showFlares":true,"showImageEffects":true,"showParticleSystems":true},"in2DMode":false,"pivot":{"x":-16.36719512939453,"y":42.9593505859375,"z":-17.723047256469728},"rotation":{"x":0.037478454411029819,"y":-0.026080507785081865,"z":0.0009783492423593999,"w":0.998956561088562},"size":187.51658630371095,"orthographic":true}