{"cameraMode":{"drawMode":0,"name":"Shaded","section":"Shading Mode"},"sceneLighting":false,"audioPlay":false,"sceneViewState":{"showFog":true,"showMaterialUpdate":false,"showSkybox":true,"showFlares":true,"showImageEffects":true,"showParticleSystems":true},"in2DMode":false,"pivot":{"x":19.36225128173828,"y":-3.204103469848633,"z":131.29893493652345},"rotation":{"x":0.18309953808784486,"y":-0.06100686267018318,"z":0.011385113000869751,"w":0.9811335802078247},"size":11.431534767150879,"orthographic":false}