{"cameraMode":{"drawMode":0,"name":"Shaded","section":"Shading Mode"},"sceneLighting":true,"audioPlay":false,"sceneViewState":{"showFog":true,"showMaterialUpdate":false,"showSkybox":true,"showFlares":true,"showImageEffects":true,"showParticleSystems":true},"in2DMode":false,"pivot":{"x":-7.224365234375,"y":3.5433108806610109,"z":5.1258649826049809},"rotation":{"x":-0.019523881375789644,"y":0.2894378900527954,"z":-0.005904363468289375,"w":-0.956979513168335},"size":12.409775733947754,"orthographic":true}