{"cameraMode":{"drawMode":0,"name":"Shaded","section":"Shading Mode"},"sceneLighting":false,"audioPlay":false,"sceneViewState":{"showFog":true,"showMaterialUpdate":false,"showSkybox":true,"showFlares":true,"showImageEffects":true,"showParticleSystems":true},"in2DMode":false,"pivot":{"x":-302.1000061035156,"y":7.800000190734863,"z":-222.52194213867188},"rotation":{"x":-0.18636493384838105,"y":0.3583080768585205,"z":-0.07322829216718674,"w":-0.9118778109550476},"size":26.4053955078125,"orthographic":true}